variable,Coef.,Std.Err.,t,P>|t|,[0.025,0.975]
Intercept,-40.86605704932253,5.524349081695983,-7.3974429285660905,1.1718440120469068e-12,-51.73368266519712,-29.998431433447934
is_host,4.618627318014838,1.889717852064412,2.444083021689848,0.015048382503409098,0.9011312235128028,8.336123412516873
log_gdp_per_capita,2.6637234834685577,0.3325198290801461,8.010720716527644,2.011258411395509e-14,2.0095828853895843,3.317864081547531
log_population,1.4335893224172827,0.24343716677356841,5.888950078648947,9.621035396937778e-09,0.9546941710862286,1.9124844737483366
